,id,name,popularity,type,is_local,explicit,duration_ms,disc_number,track_number,artist_id,artist_name,album_artist_id,album_artist_name,album_id,album_name,album_release_date,album_tracks,album_type,genres,album_genres,danceability,energy,key,loudness,mode,speechiness,acousticness,instrumentalness,liveness,valence,tempo,uri,track_href,analysis_url,time_signature
0,3igjvls6LMb3TncpfSxVda,Jab Saiyaan,53,audio_features,False,False,247785,1,1,0oOet2f43PA68X5RxKobEy,Shreya Ghoshal,0oOet2f43PA68X5RxKobEy,Shreya Ghoshal,2CHbEekNuuDav3srTCfGxY,Jab Saiyaan - Gangubai Kathiawadi,2022-02-15,1,album,"['desi pop', 'filmi', 'modern bollywood']","['desi pop', 'filmi', 'modern bollywood']",0.622,0.591,5,-6.983,1,0.0612,0.682,0.0,0.213,0.582,77.963,spotify:track:3igjvls6LMb3TncpfSxVda,https://api.spotify.com/v1/tracks/3igjvls6LMb3TncpfSxVda,https://api.spotify.com/v1/audio-analysis/3igjvls6LMb3TncpfSxVda,4
1,6gHVMInOPMsA4ujf0nWHSt,Ishq Di Baajiyaan,52,audio_features,False,False,287134,1,1,0L5GV6LN8SWWUWIdBbTLTZ,Shankar-Ehsaan-Loy,0L5GV6LN8SWWUWIdBbTLTZ,Shankar-Ehsaan-Loy,76PIQnieybHVXDpW7Cc64l,Soorma (Original Motion Picture Soundtrack),2018-07-03,5,album,"['desi pop', 'filmi', 'modern bollywood']","['desi pop', 'filmi', 'modern bollywood']",0.722,0.609,7,-7.218,1,0.0473,0.0233,0.000247,0.113,0.807,154.967,spotify:track:6gHVMInOPMsA4ujf0nWHSt,https://api.spotify.com/v1/tracks/6gHVMInOPMsA4ujf0nWHSt,https://api.spotify.com/v1/audio-analysis/6gHVMInOPMsA4ujf0nWHSt,4
2,7lvDsmTRXFE3dK4OjvRiWB,Pasoori,85,audio_features,False,False,224147,1,1,3bWIy9AUrQdiNeS62Bp3OP,Shae Gill,3bWIy9AUrQdiNeS62Bp3OP,Shae Gill,7wgrW5XyZdtk0K8PkW5A7h,Pasoori,2022-02-06,1,album,[],[],0.714,0.596,11,-6.206,0,0.043,0.0657,0.0,0.0625,0.669,91.991,spotify:track:7lvDsmTRXFE3dK4OjvRiWB,https://api.spotify.com/v1/tracks/7lvDsmTRXFE3dK4OjvRiWB,https://api.spotify.com/v1/audio-analysis/7lvDsmTRXFE3dK4OjvRiWB,4
3,4X54tVzCd1BQkcMBNY4xOd,Mele Vellithinkal,31,audio_features,False,False,278760,1,3,0LSPREIgGMZXCuKVel7LVD,Karthik,5rjfY6hKjlZRId1W3Hatab,Mohan Sithara,5gw4sWxuMNhNPWNkH9cwgq,Thanmathra (Original Motion Picture Soundtrack),2005,6,album,"['filmi', 'tamil pop']",['mollywood'],0.714,0.495,2,-11.583,1,0.0291,0.208,0.0136,0.16,0.497,110.004,spotify:track:4X54tVzCd1BQkcMBNY4xOd,https://api.spotify.com/v1/tracks/4X54tVzCd1BQkcMBNY4xOd,https://api.spotify.com/v1/audio-analysis/4X54tVzCd1BQkcMBNY4xOd,1
4,7v9H4CsUcaoeXSCkhv0xHa,Parudeesa,56,audio_features,False,False,242998,1,1,5LcSNp7wOf6h5Lvhv23hF9,Sreenath Bhasi,1qFp8zDvsXyCsC5dqz8X4S,Sushin Shyam,6ouJQmuaymffyfNxWlQGZT,Bheeshma Parvam,2022-01-15,1,album,['mollywood'],['mollywood'],0.689,0.724,5,-8.797,0,0.0727,0.432,0.0219,0.227,0.344,112.931,spotify:track:7v9H4CsUcaoeXSCkhv0xHa,https://api.spotify.com/v1/tracks/7v9H4CsUcaoeXSCkhv0xHa,https://api.spotify.com/v1/audio-analysis/7v9H4CsUcaoeXSCkhv0xHa,4
5,4yX9qtsAcWgXPDpIRPCscJ,Manickyachirakulla,55,audio_features,False,False,249234,1,4,09Swfzp0iwV8Yxe1Ngzf6v,Bijibal,09Swfzp0iwV8Yxe1Ngzf6v,Bijibal,6cx9SsBKOIHCWubQrPwEpc,Idukki Gold,2013-10-03,4,album,"['filmi', 'mollywood']","['filmi', 'mollywood']",0.604,0.487,4,-9.213,1,0.033,0.453,0.0,0.318,0.436,109.952,spotify:track:4yX9qtsAcWgXPDpIRPCscJ,https://api.spotify.com/v1/tracks/4yX9qtsAcWgXPDpIRPCscJ,https://api.spotify.com/v1/audio-analysis/4yX9qtsAcWgXPDpIRPCscJ,1
6,1cPtMErymxlrj7pssAB03r,Lost Stars,55,audio_features,False,False,240187,1,5,2MG46ekjBSFwPgzoIZvHFU,Keira Knightley,0LyfQWJT6nXafLPZqxe9Of,Various Artists,2fKvStJ1UkXMkf5kzBp3DQ,Begin Again - Music From And Inspired By The Original Motion Picture,2014-07-01,16,album,['hollywood'],[],0.531,0.322,1,-8.824,1,0.0265,0.656,1.1e-06,0.112,0.309,81.986,spotify:track:1cPtMErymxlrj7pssAB03r,https://api.spotify.com/v1/tracks/1cPtMErymxlrj7pssAB03r,https://api.spotify.com/v1/audio-analysis/1cPtMErymxlrj7pssAB03r,4
7,2rOnSn2piaqLAlYjtfUBlY,"Raataan Lambiyan (From ""Shershaah"")",78,audio_features,False,False,230292,1,1,4f7KfxeHq9BiylGmyXepGt,Tanishk Bagchi,4f7KfxeHq9BiylGmyXepGt,Tanishk Bagchi,2DKSZvMj7Da6rzNVPMgREj,"Raataan Lambiyan (From ""Shershaah"")",2021-07-30,1,album,"['desi pop', 'modern bollywood']","['desi pop', 'modern bollywood']",0.72,0.63,10,-5.549,1,0.0413,0.615,0.0,0.108,0.512,81.009,spotify:track:2rOnSn2piaqLAlYjtfUBlY,https://api.spotify.com/v1/tracks/2rOnSn2piaqLAlYjtfUBlY,https://api.spotify.com/v1/audio-analysis/2rOnSn2piaqLAlYjtfUBlY,4
8,3LWvtwgEIzC1wdHiUBoG1v,Breathless - Shankar Mahadevan,54,audio_features,False,False,177960,1,8,1SJOL9HJ08YOn92lFcYf8a,Shankar Mahadevan,1SJOL9HJ08YOn92lFcYf8a,Shankar Mahadevan,2XyAPnAa62su8YqSP3eYON,Breathless,1998-12-31,8,album,"['desi pop', 'filmi', 'modern bollywood']","['desi pop', 'filmi', 'modern bollywood']",0.719,0.888,11,-3.964,1,0.0539,0.651,0.0,0.115,0.54,99.915,spotify:track:3LWvtwgEIzC1wdHiUBoG1v,https://api.spotify.com/v1/tracks/3LWvtwgEIzC1wdHiUBoG1v,https://api.spotify.com/v1/audio-analysis/3LWvtwgEIzC1wdHiUBoG1v,4
9,5LX6K4ZFSfl9dk8tkUOCPq,Akasham Pole,57,audio_features,False,False,208948,1,1,1qFp8zDvsXyCsC5dqz8X4S,Sushin Shyam,1qFp8zDvsXyCsC5dqz8X4S,Sushin Shyam,7pDG3UeGzcxmolHDZv4DKh,Bheeshma Parvam,2022-02-16,1,album,['mollywood'],['mollywood'],0.306,0.331,9,-12.109,0,0.0814,0.866,0.000166,0.0979,0.267,170.331,spotify:track:5LX6K4ZFSfl9dk8tkUOCPq,https://api.spotify.com/v1/tracks/5LX6K4ZFSfl9dk8tkUOCPq,https://api.spotify.com/v1/audio-analysis/5LX6K4ZFSfl9dk8tkUOCPq,4
10,5O2P9iiztwhomNh8xkR9lJ,Night Changes,87,audio_features,False,False,226600,1,7,4AK6F7OLvEQ5QYCBNiQWHq,One Direction,4AK6F7OLvEQ5QYCBNiQWHq,One Direction,4gCNyS7pidfK3rKWhB3JOY,FOUR (Deluxe),2014-11-17,16,album,"['boy band', 'pop', 'post-teen pop', 'talent show']","['boy band', 'pop', 'post-teen pop', 'talent show']",0.672,0.52,8,-7.747,1,0.0353,0.859,0.0,0.115,0.37,120.001,spotify:track:5O2P9iiztwhomNh8xkR9lJ,https://api.spotify.com/v1/tracks/5O2P9iiztwhomNh8xkR9lJ,https://api.spotify.com/v1/audio-analysis/5O2P9iiztwhomNh8xkR9lJ,4
11,70TwMCAbUrSQZ4cbC8bEby,Etho Rathri - Male Version,31,audio_features,False,False,249720,1,1,2wPsNCwhEGb0KvChZ5DD52,K. J. Yesudas,67ra8R8hw9NkDyBaJBS2j6,M. Jayachandran,792a26jl4ziXmdX46LWCXs,Bus Conductor (Original Motion Picture Soundtrack),2006-07-02,4,album,"['filmi', 'mollywood']","['filmi', 'mollywood']",0.629,0.462,9,-8.795,0,0.0261,0.0997,7.87e-06,0.226,0.549,102.982,spotify:track:70TwMCAbUrSQZ4cbC8bEby,https://api.spotify.com/v1/tracks/70TwMCAbUrSQZ4cbC8bEby,https://api.spotify.com/v1/audio-analysis/70TwMCAbUrSQZ4cbC8bEby,5
12,40a42KKcVcnqT3Wz24INIm,Enna Solla Pogirai,62,audio_features,False,False,360880,1,5,1SJOL9HJ08YOn92lFcYf8a,Shankar Mahadevan,1mYsTxnqsietFxj1OgoGbG,A.R. Rahman,7lBR9rkxi63RrNz9aWvAgK,Kandukondain Kandukondain,2000-04-05,8,album,"['desi pop', 'filmi', 'modern bollywood']","['desi pop', 'filmi', 'modern bollywood']",0.766,0.438,4,-13.101,0,0.164,0.0303,9.1e-06,0.0862,0.331,82.013,spotify:track:40a42KKcVcnqT3Wz24INIm,https://api.spotify.com/v1/tracks/40a42KKcVcnqT3Wz24INIm,https://api.spotify.com/v1/audio-analysis/40a42KKcVcnqT3Wz24INIm,4
13,0ZGicTeWpoIMpJax3NAuhn,Hai Rama,52,audio_features,False,False,407000,1,1,2NoJ7NuNs9nyj8Thoh1kbu,Hariharan,1mYsTxnqsietFxj1OgoGbG,A.R. Rahman,1Wbsq2OF6KPbGDfedG0XX6,Rangeela (Original Motion Picture Soundtrack),1995-05-14,9,album,"['filmi', 'ghazal', 'tamil pop']","['desi pop', 'filmi', 'modern bollywood']",0.48,0.395,6,-11.017,1,0.093,0.317,0.0,0.0943,0.464,84.692,spotify:track:0ZGicTeWpoIMpJax3NAuhn,https://api.spotify.com/v1/tracks/0ZGicTeWpoIMpJax3NAuhn,https://api.spotify.com/v1/audio-analysis/0ZGicTeWpoIMpJax3NAuhn,5
14,1wIfq9Zul77qAtokyLTlXr,Ava Enna,64,audio_features,False,False,318493,1,6,29aw5YCdIw2FEXYyAJZI8l,Harris Jayaraj,29aw5YCdIw2FEXYyAJZI8l,Harris Jayaraj,58rfEEYCmEImlPaaqQddVF,Vaaranam Aayiram (Original Motion Picture Soundtrack),2008-10-08,7,album,"['filmi', 'tamil pop']","['filmi', 'tamil pop']",0.594,0.454,5,-9.422,0,0.0755,0.497,3.83e-05,0.0736,0.705,133.825,spotify:track:1wIfq9Zul77qAtokyLTlXr,https://api.spotify.com/v1/tracks/1wIfq9Zul77qAtokyLTlXr,https://api.spotify.com/v1/audio-analysis/1wIfq9Zul77qAtokyLTlXr,4
15,4yBdKIF7pD3yz3TajOUiDB,"Ambazham - From ""Ambazham""",33,audio_features,False,False,226546,1,1,2uocTdMBXjTsS7QmAj7src,Vineeth Sreenivasan,2uocTdMBXjTsS7QmAj7src,Vineeth Sreenivasan,3jfXdOBIEvAIB3mjIhpVgo,"Ambazham (From ""Ambazham"")",2015-07-07,1,album,"['filmi', 'mollywood']","['filmi', 'mollywood']",0.523,0.579,0,-8.357,1,0.0581,0.385,1.14e-06,0.101,0.537,70.867,spotify:track:4yBdKIF7pD3yz3TajOUiDB,https://api.spotify.com/v1/tracks/4yBdKIF7pD3yz3TajOUiDB,https://api.spotify.com/v1/audio-analysis/4yBdKIF7pD3yz3TajOUiDB,4
16,59EUg841nEYQ0ACfIsG43G,Uruguthey (Unplugged),44,audio_features,False,False,100095,1,9,14qg9UWCc148OyAIFweIyK,Sabari Darshan,14qg9UWCc148OyAIFweIyK,Sabari Darshan,1IqaMjs4Wc2lWD7OMIv4Ld,Ime Covers (Unplugged) - Happy,2020-08-30,10,album,['tamil pop'],['tamil pop'],0.46,0.181,5,-12.797,0,0.0404,0.84,0.0,0.135,0.276,128.001,spotify:track:59EUg841nEYQ0ACfIsG43G,https://api.spotify.com/v1/tracks/59EUg841nEYQ0ACfIsG43G,https://api.spotify.com/v1/audio-analysis/59EUg841nEYQ0ACfIsG43G,4
17,63FvgWtjAw9nUa8f5JXrh3,Dholida,57,audio_features,False,False,179034,1,2,6HWLgNliaSzF438T7Hk755,Jahnvi Shrimankar,5eWpthiGD66CLD4bQjvIBp,Sanjay Leela Bhansali,1ewtD7ykSg3j31ARf0VN0b,Gangubai Kathiawadi,2022-02-18,6,album,[],['modern bollywood'],0.638,0.902,1,-4.936,0,0.0712,0.68,0.0,0.255,0.759,110.222,spotify:track:63FvgWtjAw9nUa8f5JXrh3,https://api.spotify.com/v1/tracks/63FvgWtjAw9nUa8f5JXrh3,https://api.spotify.com/v1/audio-analysis/63FvgWtjAw9nUa8f5JXrh3,3
18,3INsYP1Y8GG4qJvBsKCdXC,Don't Stop Me Now - ...Revisited,69,audio_features,False,False,217824,1,21,1dfeR4HaWDbWqFHLkxsg1d,Queen,1dfeR4HaWDbWqFHLkxsg1d,Queen,6i6folBtxKV28WX3msQ4FE,Bohemian Rhapsody (The Original Soundtrack),2018-10-19,22,album,"['classic rock', 'glam rock', 'rock']","['classic rock', 'glam rock', 'rock']",0.465,0.917,5,-6.331,1,0.237,0.0152,0.02,0.286,0.39,155.061,spotify:track:3INsYP1Y8GG4qJvBsKCdXC,https://api.spotify.com/v1/tracks/3INsYP1Y8GG4qJvBsKCdXC,https://api.spotify.com/v1/audio-analysis/3INsYP1Y8GG4qJvBsKCdXC,4
19,3KeMulXbLDJBQdY5PZbGEh,Param Sundari,71,audio_features,False,False,200219,1,1,1mYsTxnqsietFxj1OgoGbG,A.R. Rahman,1mYsTxnqsietFxj1OgoGbG,A.R. Rahman,0DUOcMjmHGVLqFkWqfNC0z,Mimi (Original Motion Picture Soundtrack),2021-07-16,7,album,"['desi pop', 'filmi', 'modern bollywood']","['desi pop', 'filmi', 'modern bollywood']",0.815,0.761,4,-7.162,0,0.144,0.192,0.0,0.0272,0.82,121.999,spotify:track:3KeMulXbLDJBQdY5PZbGEh,https://api.spotify.com/v1/tracks/3KeMulXbLDJBQdY5PZbGEh,https://api.spotify.com/v1/audio-analysis/3KeMulXbLDJBQdY5PZbGEh,4
20,0boz1twDCLAVifLgoxSKJb,Unn Perai Sollum,53,audio_features,False,False,368333,1,5,5VVN3xZw1i2qihfITZlvCZ,G. V. Prakash,6CtYzQvENTdGq5LPPsePdV,Vijay Antony,5bftjxPJF3ofaff49Pyhfr,Angadi Theru (Original Motion Picture Soundtrack),2010-03-26,6,album,"['filmi', 'tamil pop']","['filmi', 'kollywood', 'tamil pop']",0.467,0.662,4,-5.783,0,0.112,0.462,0.0,0.0994,0.45,93.743,spotify:track:0boz1twDCLAVifLgoxSKJb,https://api.spotify.com/v1/tracks/0boz1twDCLAVifLgoxSKJb,https://api.spotify.com/v1/audio-analysis/0boz1twDCLAVifLgoxSKJb,4
21,74AqVxZ3oXwJ8olHssBUG3,Ainvayi Ainvayi,57,audio_features,False,False,267624,1,1,6ohaQzKaXrobAL8paLSaxq,Salim–Sulaiman,6ohaQzKaXrobAL8paLSaxq,Salim–Sulaiman,7AYweNv9TK4bWe1zP2rcRU,Band Baaja Baaraat,2010-03-11,9,album,"['desi pop', 'filmi', 'indian folk', 'modern bollywood']","['desi pop', 'filmi', 'indian folk', 'modern bollywood']",0.689,0.742,3,-7.571,0,0.0413,0.0339,0.0046,0.0928,0.876,155.986,spotify:track:74AqVxZ3oXwJ8olHssBUG3,https://api.spotify.com/v1/tracks/74AqVxZ3oXwJ8olHssBUG3,https://api.spotify.com/v1/audio-analysis/74AqVxZ3oXwJ8olHssBUG3,4
22,12Ud5p81gFX8feLUGpewfV,Pashmina,56,audio_features,False,False,283111,1,2,7HCqGPJcQTyGJ2yqntbuyr,Amit Trivedi,7HCqGPJcQTyGJ2yqntbuyr,Amit Trivedi,3ztDG95Y1zI3eaCTySv7DU,Fitoor,2018-05-15,7,album,"['desi pop', 'filmi', 'modern bollywood']","['desi pop', 'filmi', 'modern bollywood']",0.46,0.384,0,-7.931,1,0.0313,0.706,0.000773,0.146,0.302,79.877,spotify:track:12Ud5p81gFX8feLUGpewfV,https://api.spotify.com/v1/tracks/12Ud5p81gFX8feLUGpewfV,https://api.spotify.com/v1/audio-analysis/12Ud5p81gFX8feLUGpewfV,4
23,18XlJEroUwFo0tLZxscgXE,Lost,76,audio_features,False,False,172598,1,2,04gDigrS5kc9YWfZHwBETP,Maroon 5,04gDigrS5kc9YWfZHwBETP,Maroon 5,2dnLi41uRXC7aNqDmcEc0P,JORDI (Deluxe),2021-06-11,14,album,['pop'],['pop'],0.766,0.706,7,-6.553,0,0.16,0.223,0.00028,0.064,0.766,142.989,spotify:track:18XlJEroUwFo0tLZxscgXE,https://api.spotify.com/v1/tracks/18XlJEroUwFo0tLZxscgXE,https://api.spotify.com/v1/audio-analysis/18XlJEroUwFo0tLZxscgXE,4
24,2TxCwUlqaOH3TIyJqGgR91,Mamma Mia,78,audio_features,False,False,213267,1,1,0LcJLqbBmaGUft1e9Mm8HV,ABBA,0LcJLqbBmaGUft1e9Mm8HV,ABBA,1kM6xcSYO5ASJaWgygznL7,Abba,1975,13,album,"['europop', 'swedish pop']","['europop', 'swedish pop']",0.749,0.748,2,-7.011,1,0.0323,0.295,0.000443,0.469,0.827,137.547,spotify:track:2TxCwUlqaOH3TIyJqGgR91,https://api.spotify.com/v1/tracks/2TxCwUlqaOH3TIyJqGgR91,https://api.spotify.com/v1/audio-analysis/2TxCwUlqaOH3TIyJqGgR91,4
25,364dI1bYnvamSnBJ8JcNzN,Intentions,74,audio_features,False,False,212869,1,1,1uNFoZAHBGtllmzznpCI3s,Justin Bieber,1uNFoZAHBGtllmzznpCI3s,Justin Bieber,55zg331p7m1EFA4uRggkwt,Intentions,2020-02-07,1,album,"['canadian pop', 'pop']","['canadian pop', 'pop']",0.811,0.553,9,-6.644,1,0.0552,0.317,0.0,0.105,0.86,148.014,spotify:track:364dI1bYnvamSnBJ8JcNzN,https://api.spotify.com/v1/tracks/364dI1bYnvamSnBJ8JcNzN,https://api.spotify.com/v1/audio-analysis/364dI1bYnvamSnBJ8JcNzN,4
26,3YKDgkyRDO89kzjAkof45L,Shikayat,54,audio_features,False,False,249748,1,4,0sHAWQhZ5GxE0QO0peVXw3,Archana Gore,5eWpthiGD66CLD4bQjvIBp,Sanjay Leela Bhansali,1ewtD7ykSg3j31ARf0VN0b,Gangubai Kathiawadi,2022-02-18,6,album,[],['modern bollywood'],0.462,0.642,11,-5.697,0,0.0522,0.765,0.0,0.136,0.626,83.216,spotify:track:3YKDgkyRDO89kzjAkof45L,https://api.spotify.com/v1/tracks/3YKDgkyRDO89kzjAkof45L,https://api.spotify.com/v1/audio-analysis/3YKDgkyRDO89kzjAkof45L,4
27,47Cd4WP1ZOK8WXC68kqZ03,Ennadi Maayavi Nee,63,audio_features,False,False,251000,1,5,5FVBduYaeVBb6JIghza7v6,Santhosh Narayanan,5FVBduYaeVBb6JIghza7v6,Santhosh Narayanan,5oZttbNRyrYfBLhej6HAY7,VadaChennai (Original Motion Picture Soundtrack),2018-09-23,11,album,"['filmi', 'tamil pop']","['filmi', 'tamil pop']",0.55,0.246,0,-12.503,0,0.03,0.834,0.00279,0.0977,0.218,119.836,spotify:track:47Cd4WP1ZOK8WXC68kqZ03,https://api.spotify.com/v1/tracks/47Cd4WP1ZOK8WXC68kqZ03,https://api.spotify.com/v1/audio-analysis/47Cd4WP1ZOK8WXC68kqZ03,3
28,4FeczSomVWVyU4FW7xDeAI,Tere Bina,65,audio_features,False,False,309640,1,2,1mYsTxnqsietFxj1OgoGbG,A.R. Rahman,1mYsTxnqsietFxj1OgoGbG,A.R. Rahman,6kWI9GDPhMhaGNo80Q1XT5,Guru (Original Motion Picture Soundtrack),2006-09-11,7,album,"['desi pop', 'filmi', 'modern bollywood']","['desi pop', 'filmi', 'modern bollywood']",0.744,0.7,2,-7.663,1,0.0375,0.278,0.000155,0.068,0.867,144.033,spotify:track:4FeczSomVWVyU4FW7xDeAI,https://api.spotify.com/v1/tracks/4FeczSomVWVyU4FW7xDeAI,https://api.spotify.com/v1/audio-analysis/4FeczSomVWVyU4FW7xDeAI,4
29,4MQz8ASfe7gIn1RvQ7OOyP,Veshangal,30,audio_features,False,False,293187,1,2,2wPsNCwhEGb0KvChZ5DD52,K. J. Yesudas,2LMljlTXjGr7jPZOBmK9My,S.A. Rajkumar,5KpIXLSkSojkd1seu2RtMQ,Vesham (Original Motion Picture Soundtrack),2004-07-03,3,album,"['filmi', 'mollywood']","['filmi', 'tamil pop']",0.611,0.575,5,-8.638,1,0.0471,0.311,0.0,0.342,0.524,78.02,spotify:track:4MQz8ASfe7gIn1RvQ7OOyP,https://api.spotify.com/v1/tracks/4MQz8ASfe7gIn1RvQ7OOyP,https://api.spotify.com/v1/audio-analysis/4MQz8ASfe7gIn1RvQ7OOyP,4
30,52INmBPUsLUQ6to3WnGWUm,You,65,audio_features,False,False,194478,1,1,4IKVDbCSBTxBeAsMKjAuTs,Armaan Malik,4IKVDbCSBTxBeAsMKjAuTs,Armaan Malik,2jjveyg1Fb0Pf6wfnTOGg4,You,2022-01-07,1,album,"['desi pop', 'filmi', 'modern bollywood']","['desi pop', 'filmi', 'modern bollywood']",0.463,0.458,9,-6.705,1,0.0422,0.776,5.47e-05,0.544,0.593,110.052,spotify:track:52INmBPUsLUQ6to3WnGWUm,https://api.spotify.com/v1/tracks/52INmBPUsLUQ6to3WnGWUm,https://api.spotify.com/v1/audio-analysis/52INmBPUsLUQ6to3WnGWUm,4
31,54OBgO0Xwu20Jak9TMXbR7,Wellerman - Sea Shanty,80,audio_features,False,False,155333,1,1,1PKErrAhYFdfrDymGHRQRo,Nathan Evans,1PKErrAhYFdfrDymGHRQRo,Nathan Evans,1AK6peN1DwvYRXN19cqWoP,Wellerman (Sea Shanty),2021-01-21,1,album,[],[],0.675,0.359,3,-5.157,1,0.108,0.614,0.0,0.137,0.792,191.903,spotify:track:54OBgO0Xwu20Jak9TMXbR7,https://api.spotify.com/v1/tracks/54OBgO0Xwu20Jak9TMXbR7,https://api.spotify.com/v1/audio-analysis/54OBgO0Xwu20Jak9TMXbR7,4
32,5QVHNa0ppJUOoqSd36ovQS,"Pachtaoge (From ""Jaani Ve"")",64,audio_features,False,False,226789,1,1,4YRxDV8wJFPHPTeXepOstw,Arijit Singh,4YRxDV8wJFPHPTeXepOstw,Arijit Singh,3Ptq3ARmJ8iTLBb7M7Bho0,"Pachtaoge (From ""Jaani Ve"")",2019-08-23,1,album,"['desi pop', 'filmi', 'modern bollywood']","['desi pop', 'filmi', 'modern bollywood']",0.515,0.691,5,-4.028,0,0.0344,0.624,0.0,0.121,0.484,169.521,spotify:track:5QVHNa0ppJUOoqSd36ovQS,https://api.spotify.com/v1/tracks/5QVHNa0ppJUOoqSd36ovQS,https://api.spotify.com/v1/audio-analysis/5QVHNa0ppJUOoqSd36ovQS,3
33,5jOi67yXzjpMdl6KFNWSIe,Usure Pogudhey,61,audio_features,False,False,366507,1,2,1mYsTxnqsietFxj1OgoGbG,A.R. Rahman,1mYsTxnqsietFxj1OgoGbG,A.R. Rahman,7ywJmodDrksHrxbnqHSDuT,Raavanan (Original Motion Picture Soundtrack),2010-10-14,11,album,"['desi pop', 'filmi', 'modern bollywood']","['desi pop', 'filmi', 'modern bollywood']",0.674,0.663,5,-8.886,1,0.0619,0.3,2.96e-06,0.101,0.287,92.997,spotify:track:5jOi67yXzjpMdl6KFNWSIe,https://api.spotify.com/v1/tracks/5jOi67yXzjpMdl6KFNWSIe,https://api.spotify.com/v1/audio-analysis/5jOi67yXzjpMdl6KFNWSIe,4
34,6Gx3Ry4ORogdMibbdITOuN,Dhadak Title Track,58,audio_features,False,False,243484,1,1,0vkpFzbSTmwPuGGnhsblFI,Ajay Gogavale,5fvTHKKzW44A9867nPDocM,Ajay-Atul,5Pn4u5kYgcx8cjSmeY6aFu,Dhadak,2018-06-19,4,album,"['desi pop', 'filmi', 'modern bollywood']","['desi pop', 'filmi', 'modern bollywood']",0.375,0.312,7,-10.656,0,0.031,0.85,0.00988,0.137,0.22,77.527,spotify:track:6Gx3Ry4ORogdMibbdITOuN,https://api.spotify.com/v1/tracks/6Gx3Ry4ORogdMibbdITOuN,https://api.spotify.com/v1/audio-analysis/6Gx3Ry4ORogdMibbdITOuN,4
35,733B0eINqwUqzV49kNRPPA,Lag Ja Gale,61,audio_features,False,False,240953,1,1,7o7doCwqft91WC690aglWC,Sanam,7o7doCwqft91WC690aglWC,Sanam,3WpNdEjIE5itor1v9GK83G,Lag Ja Gale - Sanam,2014-07-15,1,album,"['desi pop', 'modern bollywood']","['desi pop', 'modern bollywood']",0.393,0.32,8,-8.648,1,0.0303,0.857,1.09e-05,0.0917,0.457,135.026,spotify:track:733B0eINqwUqzV49kNRPPA,https://api.spotify.com/v1/tracks/733B0eINqwUqzV49kNRPPA,https://api.spotify.com/v1/audio-analysis/733B0eINqwUqzV49kNRPPA,3
36,0YUaVCxTLyQ3EJQ23ZV5We,Alare Govinda,44,audio_features,False,False,325959,1,9,5GAbXkTL9BQlDbuRn2dWyf,Nikhil,3bsXF6ry8hOM2s1YyruPOb,Deepan Chaterjee,3lFI1ZN3uZq4BvbEyN7sTO,Kakkakuyil (Original Motion Picture Soundrack),2014-05-23,9,album,['tamil pop'],[],0.8,0.752,9,-9.871,1,0.0461,0.238,0.0,0.13,0.813,133.988,spotify:track:0YUaVCxTLyQ3EJQ23ZV5We,https://api.spotify.com/v1/tracks/0YUaVCxTLyQ3EJQ23ZV5We,https://api.spotify.com/v1/audio-analysis/0YUaVCxTLyQ3EJQ23ZV5We,4
37,1qDrWA6lyx8cLECdZE7TV7,Somebody That I Used To Know,80,audio_features,False,False,244885,1,3,2AsusXITU8P25dlRNhcAbG,Gotye,2AsusXITU8P25dlRNhcAbG,Gotye,4G2rJNhsKOE6iHgtUqZ0Ye,Making Mirrors,2011-01-01,12,album,['australian pop'],['australian pop'],0.865,0.521,0,-6.932,1,0.0371,0.548,0.000115,0.0989,0.748,129.059,spotify:track:1qDrWA6lyx8cLECdZE7TV7,https://api.spotify.com/v1/tracks/1qDrWA6lyx8cLECdZE7TV7,https://api.spotify.com/v1/audio-analysis/1qDrWA6lyx8cLECdZE7TV7,4
38,2BAsBkA10fTRZhF5iMs0Dh,La Vie En Rose,67,audio_features,False,False,157683,1,1,2xlXhojRv11o5sWDjOx8lp,Emily Watts,2xlXhojRv11o5sWDjOx8lp,Emily Watts,5Q4ygTh5Iv6FpNxcKE6uU5,La Vie En Rose,2019-12-29,1,album,[],[],0.419,0.0842,6,-17.542,1,0.0341,0.957,0.0,0.285,0.246,88.278,spotify:track:2BAsBkA10fTRZhF5iMs0Dh,https://api.spotify.com/v1/tracks/2BAsBkA10fTRZhF5iMs0Dh,https://api.spotify.com/v1/audio-analysis/2BAsBkA10fTRZhF5iMs0Dh,4
39,5WSWtJngetP41xL1LG3q4w,Sumuhurthamai,22,audio_features,False,False,412213,1,3,2wPsNCwhEGb0KvChZ5DD52,K. J. Yesudas,55M1xe07ScGfSbSBcjYJeR,Raveendran,3owY3URuOdXC6I3KGH51k9,Kamaladhalam (Original Motion Picture Soundtrack),2008-07-20,8,album,"['filmi', 'mollywood']",['mollywood'],0.523,0.601,8,-7.406,1,0.0791,0.856,0.00647,0.307,0.448,97.011,spotify:track:5WSWtJngetP41xL1LG3q4w,https://api.spotify.com/v1/tracks/5WSWtJngetP41xL1LG3q4w,https://api.spotify.com/v1/audio-analysis/5WSWtJngetP41xL1LG3q4w,4
40,1iWHabUgUuuKLBa0TzTHfk,"A Whole New World (End Title) - From ""Aladdin""",66,audio_features,False,False,242956,1,1,5ZsFI1h6hIdQRw2ti0hz81,ZAYN,5ZsFI1h6hIdQRw2ti0hz81,ZAYN,1m8eXQqp3QCQyR56fgbm6o,"A Whole New World (End Title) [From ""Aladdin""]",2019-05-09,1,album,"['dance pop', 'pop', 'post-teen pop', 'uk pop']","['dance pop', 'pop', 'post-teen pop', 'uk pop']",0.302,0.414,2,-8.16,1,0.0319,0.0575,0.0,0.0861,0.105,110.508,spotify:track:1iWHabUgUuuKLBa0TzTHfk,https://api.spotify.com/v1/tracks/1iWHabUgUuuKLBa0TzTHfk,https://api.spotify.com/v1/audio-analysis/1iWHabUgUuuKLBa0TzTHfk,4
41,6lfSsCL894Qw15xbt7cSUy,"Jai Jai Shivshankar (From ""War"")",58,audio_features,False,False,230558,1,1,6CXEwIaXYfVJ84biCxqc9k,Vishal Dadlani,6CXEwIaXYfVJ84biCxqc9k,Vishal Dadlani,5GvIKf7yN7gjZfYohbvHmj,"Jai Jai Shivshankar (From ""War"")",2019-09-21,1,album,"['desi hip hop', 'desi pop', 'filmi', 'modern bollywood']","['desi hip hop', 'desi pop', 'filmi', 'modern bollywood']",0.825,0.904,5,-5.414,0,0.0787,0.257,1.21e-05,0.0715,0.528,129.036,spotify:track:6lfSsCL894Qw15xbt7cSUy,https://api.spotify.com/v1/tracks/6lfSsCL894Qw15xbt7cSUy,https://api.spotify.com/v1/audio-analysis/6lfSsCL894Qw15xbt7cSUy,4
42,7dcXGzIAaoe19A6kgnrCaQ,Nagumo,59,audio_features,False,False,159605,1,2,50iBEPSw6kQ8GQkumXz7XZ,Hesham Abdul Wahab,50iBEPSw6kQ8GQkumXz7XZ,Hesham Abdul Wahab,6nuAnvIVNkw6pwqzuF2GJG,Hridayam (Side B) [Original Motion Picture Soundtrack],2022-01-17,8,album,['mollywood'],['mollywood'],0.604,0.46,4,-8.627,0,0.0462,0.372,0.00203,0.128,0.443,95.092,spotify:track:7dcXGzIAaoe19A6kgnrCaQ,https://api.spotify.com/v1/tracks/7dcXGzIAaoe19A6kgnrCaQ,https://api.spotify.com/v1/audio-analysis/7dcXGzIAaoe19A6kgnrCaQ,4
43,0HEMY6YuPzCOprfkEluKDa,Katte Nee,42,audio_features,False,False,212507,1,1,2IUtwMti1OiT3lkW6RubgH,K. S. Chithra,5L0RbvV13JHcxpbO7LxVAp,M. G. Radhakrishnan,5z8mPh9dXdGdGrwsJcQltp,Kaattu Vannu Vilichappol (Original Motion Picture Soundtrack),2001-07-01,2,album,['filmi'],"['filmi', 'mollywood']",0.648,0.558,2,-9.117,1,0.0382,0.461,0.0033,0.211,0.691,170.104,spotify:track:0HEMY6YuPzCOprfkEluKDa,https://api.spotify.com/v1/tracks/0HEMY6YuPzCOprfkEluKDa,https://api.spotify.com/v1/audio-analysis/0HEMY6YuPzCOprfkEluKDa,4
44,0MLZAgKQKHbPsJ12qHS860,Haan Main Galat,58,audio_features,False,False,218644,1,2,1wRPtKGflJrBx9BmLsSwlU,Pritam,1wRPtKGflJrBx9BmLsSwlU,Pritam,6IXfWhC7omotM4lt0ROmEr,Love Aaj Kal (Original Motion Picture Soundtrack),2020-02-14,11,album,"['desi pop', 'filmi', 'indian instrumental', 'modern bollywood']","['desi pop', 'filmi', 'indian instrumental', 'modern bollywood']",0.683,0.737,0,-5.66,1,0.0502,0.125,0.0105,0.103,0.919,117.996,spotify:track:0MLZAgKQKHbPsJ12qHS860,https://api.spotify.com/v1/tracks/0MLZAgKQKHbPsJ12qHS860,https://api.spotify.com/v1/audio-analysis/0MLZAgKQKHbPsJ12qHS860,4
45,0MmckRkLefRgZysKO76QWk,Old Town Road (TikTok Dance),6,audio_features,False,False,113664,1,46,3dpG6M91e9gkMArlQ5hSha,Metrixx,3dpG6M91e9gkMArlQ5hSha,Metrixx,5x3Yj0dCncNFbZKIFswxh0,TikTok Dances 2020,2020-05-25,51,album,[],[],0.805,0.503,1,-7.353,1,0.164,0.0179,0.0,0.104,0.401,135.926,spotify:track:0MmckRkLefRgZysKO76QWk,https://api.spotify.com/v1/tracks/0MmckRkLefRgZysKO76QWk,https://api.spotify.com/v1/audio-analysis/0MmckRkLefRgZysKO76QWk,4
46,0YNz2Qdl3C60BgVrSBVSJA,Naran,49,audio_features,False,False,199000,1,3,2IUtwMti1OiT3lkW6RubgH,K. S. Chithra,5xLhn0Pjced0oiBuLUISr3,Deepak Dev,7LG8N36kgl8zWgarNSKIkp,Naran (Original Motion Picture Soundtrack),2007-07-01,7,album,['filmi'],"['filmi', 'mollywood']",0.365,0.526,2,-7.495,0,0.0547,0.843,8.98e-06,0.0938,0.546,142.666,spotify:track:0YNz2Qdl3C60BgVrSBVSJA,https://api.spotify.com/v1/tracks/0YNz2Qdl3C60BgVrSBVSJA,https://api.spotify.com/v1/audio-analysis/0YNz2Qdl3C60BgVrSBVSJA,4
47,15xWRPHQMeqgdkGzInx3PY,Falling Like The Stars,71,audio_features,False,False,212720,1,1,4IWBUUAFIplrNtaOHcJPRM,James Arthur,4IWBUUAFIplrNtaOHcJPRM,James Arthur,6Vd7ZTFfhrtPuiQIqEN8XU,Falling Like The Stars,2019-05-10,1,album,"['pop', 'talent show', 'uk pop']","['pop', 'talent show', 'uk pop']",0.296,0.351,6,-9.538,1,0.0352,0.823,1.45e-06,0.11,0.19,177.06,spotify:track:15xWRPHQMeqgdkGzInx3PY,https://api.spotify.com/v1/tracks/15xWRPHQMeqgdkGzInx3PY,https://api.spotify.com/v1/audio-analysis/15xWRPHQMeqgdkGzInx3PY,3
48,1AzNN19lPYC68iacrbWL8X,"Mudhal Nee Mudivum Nee Title Track (From ""Mudhal Nee Mudivum Nee"")",68,audio_features,False,False,332702,1,1,5t97rjifUl8d4HNwSzbCv9,Darbuka Siva,5t97rjifUl8d4HNwSzbCv9,Darbuka Siva,3hDQpJsEBtu5cIXUtC8ykc,"Mudhal Nee Mudivum Nee Title Track (From ""Mudhal Nee Mudivum Nee"")",2020-09-02,1,album,['tamil pop'],['tamil pop'],0.556,0.521,6,-10.811,1,0.0321,0.632,0.000582,0.102,0.355,127.956,spotify:track:1AzNN19lPYC68iacrbWL8X,https://api.spotify.com/v1/tracks/1AzNN19lPYC68iacrbWL8X,https://api.spotify.com/v1/audio-analysis/1AzNN19lPYC68iacrbWL8X,4
49,1IpB3bVaqu9QMQLGcYCJfQ,Nagumo,31,audio_features,False,False,395293,1,3,1AXZ0HA4aO90PXCPcIfGoB,Neyyatinkara Vasudevan,1OmFIMcyc0IrjWXKIbT76Y,Kannur Rajan,1uzWRr33Gtl93mmEKf7nAj,Chithram (Original Motion Picture Soundtrack),2008-07-20,8,album,[],[],0.593,0.71,8,-6.977,1,0.104,0.815,5.55e-05,0.345,0.706,102.238,spotify:track:1IpB3bVaqu9QMQLGcYCJfQ,https://api.spotify.com/v1/tracks/1IpB3bVaqu9QMQLGcYCJfQ,https://api.spotify.com/v1/audio-analysis/1IpB3bVaqu9QMQLGcYCJfQ,4
50,1O5mTSQa0sCce9ghhDqIZl,Jashn-E-Bahaaraa,70,audio_features,False,False,315173,1,2,1mYsTxnqsietFxj1OgoGbG,A.R. Rahman,1mYsTxnqsietFxj1OgoGbG,A.R. Rahman,60Omt7taTKwehAq1gETKCW,Jodhaa Akbar (Original Motion Picture Soundtrack),2007-12-31,7,album,"['desi pop', 'filmi', 'modern bollywood']","['desi pop', 'filmi', 'modern bollywood']",0.7,0.343,2,-10.474,1,0.0308,0.767,0.0,0.0789,0.488,137.864,spotify:track:1O5mTSQa0sCce9ghhDqIZl,https://api.spotify.com/v1/tracks/1O5mTSQa0sCce9ghhDqIZl,https://api.spotify.com/v1/audio-analysis/1O5mTSQa0sCce9ghhDqIZl,4
51,1wnozUBSe7OMpmZiTPJC5j,Tum Tak,66,audio_features,False,False,304467,1,9,1mYsTxnqsietFxj1OgoGbG,A.R. Rahman,1mYsTxnqsietFxj1OgoGbG,A.R. Rahman,24C47633GRlozws7WBth7t,Raanjhanaa (Original Motion Picture Soundtrack),2013-05-31,9,album,"['desi pop', 'filmi', 'modern bollywood']","['desi pop', 'filmi', 'modern bollywood']",0.72,0.621,2,-9.773,1,0.0491,0.676,0.0,0.0679,0.566,114.987,spotify:track:1wnozUBSe7OMpmZiTPJC5j,https://api.spotify.com/v1/tracks/1wnozUBSe7OMpmZiTPJC5j,https://api.spotify.com/v1/audio-analysis/1wnozUBSe7OMpmZiTPJC5j,4
52,2aTKrdenCq5qBOoJPFdn4P,Here's Your Perfect,78,audio_features,False,False,158594,1,1,2LkkwxA19J8C52wPQl5bG6,Jamie Miller,2LkkwxA19J8C52wPQl5bG6,Jamie Miller,6yNuKzr4GNs1c7Kpdf7c5w,Here's Your Perfect,2021-04-30,4,album,"['pop', 'pop soul']","['pop', 'pop soul']",0.558,0.454,6,-5.335,1,0.0551,0.499,0.0,0.146,0.424,113.12,spotify:track:2aTKrdenCq5qBOoJPFdn4P,https://api.spotify.com/v1/tracks/2aTKrdenCq5qBOoJPFdn4P,https://api.spotify.com/v1/audio-analysis/2aTKrdenCq5qBOoJPFdn4P,4
53,3afkJSKX0EAMsJXTZnDXXJ,Strawberries & Cigarettes,82,audio_features,False,False,201539,1,1,3WGpXCj9YhhfX11TToZcXP,Troye Sivan,3WGpXCj9YhhfX11TToZcXP,Troye Sivan,5L0bixsyXEkomsyucUySjy,Strawberries & Cigarettes,2018-03-16,1,album,"['australian pop', 'dance pop', 'pop', 'uk pop', 'viral pop']","['australian pop', 'dance pop', 'pop', 'uk pop', 'viral pop']",0.578,0.537,9,-8.676,1,0.0832,0.162,0.0,0.076,0.25,83.909,spotify:track:3afkJSKX0EAMsJXTZnDXXJ,https://api.spotify.com/v1/tracks/3afkJSKX0EAMsJXTZnDXXJ,https://api.spotify.com/v1/audio-analysis/3afkJSKX0EAMsJXTZnDXXJ,4
54,3y3brCCecHC3Db18aIOnny,"Carry On (from the Original Motion Picture ""POKÉMON Detective Pikachu"")",65,audio_features,False,False,215316,1,1,23fqKkggKUBHNkbKtXEls4,Kygo,23fqKkggKUBHNkbKtXEls4,Kygo,1Z7WbPmn7QFoJ2DrNfEehz,"Carry On (from the Original Motion Picture ""POKÉMON Detective Pikachu"")",2019-04-19,1,album,"['edm', 'pop', 'pop dance', 'tropical house']","['edm', 'pop', 'pop dance', 'tropical house']",0.591,0.705,9,-6.519,0,0.079,0.381,0.000116,0.131,0.27,121.799,spotify:track:3y3brCCecHC3Db18aIOnny,https://api.spotify.com/v1/tracks/3y3brCCecHC3Db18aIOnny,https://api.spotify.com/v1/audio-analysis/3y3brCCecHC3Db18aIOnny,4
55,4G1FKyLsB8xcTdVEXgwcix,Once I Was 7 Years Old,53,audio_features,False,False,239480,1,1,7n4cyL40CdreXwIw00c8RX,Ben Schuller,7n4cyL40CdreXwIw00c8RX,Ben Schuller,40e1LUjt5mFUmSL1mNp0Av,Cover Sessions,2017-05-01,22,album,"['channel pop', 'fnaf']","['channel pop', 'fnaf']",0.712,0.353,7,-9.975,1,0.0357,0.651,0.0,0.0918,0.229,118.059,spotify:track:4G1FKyLsB8xcTdVEXgwcix,https://api.spotify.com/v1/tracks/4G1FKyLsB8xcTdVEXgwcix,https://api.spotify.com/v1/audio-analysis/4G1FKyLsB8xcTdVEXgwcix,4
56,4U45aEWtQhrm8A5mxPaFZ7,Vienna,79,audio_features,False,False,214240,1,5,6zFYqv1mOsgBRQbae3JJ9e,Billy Joel,6zFYqv1mOsgBRQbae3JJ9e,Billy Joel,1Mhn9VosyjtWn4dMPFlna6,The Stranger (Legacy Edition),1977,21,album,"['classic rock', 'folk rock', 'mellow gold', 'piano rock', 'rock', 'singer-songwriter', 'soft rock']","['classic rock', 'folk rock', 'mellow gold', 'piano rock', 'rock', 'singer-songwriter', 'soft rock']",0.532,0.495,10,-6.662,1,0.0343,0.659,0.0,0.0754,0.308,124.936,spotify:track:4U45aEWtQhrm8A5mxPaFZ7,https://api.spotify.com/v1/tracks/4U45aEWtQhrm8A5mxPaFZ7,https://api.spotify.com/v1/audio-analysis/4U45aEWtQhrm8A5mxPaFZ7,4
57,4VuS959DSpr82t3qBqCrWG,Supermarket Flowers,75,audio_features,False,False,221107,1,12,6eUKZXaKkcviH0Ku9w2n3V,Ed Sheeran,6eUKZXaKkcviH0Ku9w2n3V,Ed Sheeran,3T4tUhGYeRNVUGevb0wThu,÷ (Deluxe),2017-03-03,16,album,"['pop', 'uk pop']","['pop', 'uk pop']",0.589,0.242,6,-10.517,1,0.0442,0.914,0.0,0.0887,0.257,89.749,spotify:track:4VuS959DSpr82t3qBqCrWG,https://api.spotify.com/v1/tracks/4VuS959DSpr82t3qBqCrWG,https://api.spotify.com/v1/audio-analysis/4VuS959DSpr82t3qBqCrWG,4
58,4tbZCdP34Aqk4QbVDcBhrx,Sangeethame,19,audio_features,False,False,393874,1,9,2wPsNCwhEGb0KvChZ5DD52,K. J. Yesudas,64LDk5Ybgn78jRN8ESzgtV,Bombay Ravi,7yO8O6n2YIL6mYA2HEqa0e,Sargam (Original Motion Picture Soundtrack),1992-11-16,11,album,"['filmi', 'mollywood']",['mollywood'],0.604,0.643,5,-7.416,0,0.0792,0.604,8.59e-05,0.042,0.794,88.701,spotify:track:4tbZCdP34Aqk4QbVDcBhrx,https://api.spotify.com/v1/tracks/4tbZCdP34Aqk4QbVDcBhrx,https://api.spotify.com/v1/audio-analysis/4tbZCdP34Aqk4QbVDcBhrx,4
59,5PjdY0CKGZdEuoNab3yDmX,STAY (with Justin Bieber),87,audio_features,False,True,141806,1,3,2tIP7SsRs7vjIcLrU85W8J,The Kid LAROI,2tIP7SsRs7vjIcLrU85W8J,The Kid LAROI,4bZJWQhHKJckFLJuYdvyX2,F*CK LOVE 3: OVER YOU,2021-07-23,29,album,['australian hip hop'],['australian hip hop'],0.591,0.764,1,-5.484,1,0.0483,0.0383,0.0,0.103,0.478,169.928,spotify:track:5PjdY0CKGZdEuoNab3yDmX,https://api.spotify.com/v1/tracks/5PjdY0CKGZdEuoNab3yDmX,https://api.spotify.com/v1/audio-analysis/5PjdY0CKGZdEuoNab3yDmX,4
