,id,name,popularity,type,is_local,explicit,duration_ms,disc_number,track_number,artist_id,artist_name,album_artist_id,album_artist_name,album_id,album_name,album_release_date,album_tracks,album_type,added_at,genres,album_genres,danceability,energy,key,loudness,mode,speechiness,acousticness,instrumentalness,liveness,valence,tempo,uri,track_href,analysis_url,time_signature
0,1AzNN19lPYC68iacrbWL8X,"Mudhal Nee Mudivum Nee Title Track (From ""Mudhal Nee Mudivum Nee"")",68,audio_features,False,False,332702,1,1,5t97rjifUl8d4HNwSzbCv9,Darbuka Siva,5t97rjifUl8d4HNwSzbCv9,Darbuka Siva,3hDQpJsEBtu5cIXUtC8ykc,"Mudhal Nee Mudivum Nee Title Track (From ""Mudhal Nee Mudivum Nee"")",2020-09-02,1,album,2022-03-19T13:44:18Z,['tamil pop'],['tamil pop'],0.556,0.521,6,-10.811,1,0.0321,0.632,0.000582,0.102,0.355,127.956,spotify:track:1AzNN19lPYC68iacrbWL8X,https://api.spotify.com/v1/tracks/1AzNN19lPYC68iacrbWL8X,https://api.spotify.com/v1/audio-analysis/1AzNN19lPYC68iacrbWL8X,4
1,7v9H4CsUcaoeXSCkhv0xHa,Parudeesa,56,audio_features,False,False,242998,1,1,5LcSNp7wOf6h5Lvhv23hF9,Sreenath Bhasi,1qFp8zDvsXyCsC5dqz8X4S,Sushin Shyam,6ouJQmuaymffyfNxWlQGZT,Bheeshma Parvam,2022-01-15,1,album,2022-03-19T13:19:43Z,['mollywood'],['mollywood'],0.689,0.724,5,-8.797,0,0.0727,0.432,0.0219,0.227,0.344,112.931,spotify:track:7v9H4CsUcaoeXSCkhv0xHa,https://api.spotify.com/v1/tracks/7v9H4CsUcaoeXSCkhv0xHa,https://api.spotify.com/v1/audio-analysis/7v9H4CsUcaoeXSCkhv0xHa,4
2,4vWcMkEsnEeolYB5kUmr9Q,Darshana,65,audio_features,False,False,225116,1,2,50iBEPSw6kQ8GQkumXz7XZ,Hesham Abdul Wahab,50iBEPSw6kQ8GQkumXz7XZ,Hesham Abdul Wahab,7q1tMo3gcpKtHK3a6V2kKM,Hridayam (Side A) [Original Motion Picture Soundtrack],2022-01-14,7,album,2022-03-19T13:07:13Z,['mollywood'],['mollywood'],0.665,0.632,7,-8.296,1,0.0491,0.231,0.0134,0.205,0.775,98.018,spotify:track:4vWcMkEsnEeolYB5kUmr9Q,https://api.spotify.com/v1/tracks/4vWcMkEsnEeolYB5kUmr9Q,https://api.spotify.com/v1/audio-analysis/4vWcMkEsnEeolYB5kUmr9Q,4
3,4yBdKIF7pD3yz3TajOUiDB,"Ambazham - From ""Ambazham""",33,audio_features,False,False,226546,1,1,2uocTdMBXjTsS7QmAj7src,Vineeth Sreenivasan,2uocTdMBXjTsS7QmAj7src,Vineeth Sreenivasan,3jfXdOBIEvAIB3mjIhpVgo,"Ambazham (From ""Ambazham"")",2015-07-07,1,album,2022-03-08T10:28:24Z,"['filmi', 'mollywood']","['filmi', 'mollywood']",0.523,0.579,0,-8.357,1,0.0581,0.385,1.14e-06,0.101,0.537,70.867,spotify:track:4yBdKIF7pD3yz3TajOUiDB,https://api.spotify.com/v1/tracks/4yBdKIF7pD3yz3TajOUiDB,https://api.spotify.com/v1/audio-analysis/4yBdKIF7pD3yz3TajOUiDB,4
4,4xiOtiXXochXwmw3MU946g,Alare,57,audio_features,False,False,261779,1,1,2BgRHhmwIQk468hVfrU7gE,Kailas,2BgRHhmwIQk468hVfrU7gE,Kailas,3r2555dO9qhGphE183VtFU,"Alare (From ""Member Rameshan 9aam Ward"")",2021-02-25,1,album,2022-03-08T10:24:50Z,['mollywood'],['mollywood'],0.353,0.397,3,-10.23,1,0.0386,0.841,0.000469,0.098,0.192,76.531,spotify:track:4xiOtiXXochXwmw3MU946g,https://api.spotify.com/v1/tracks/4xiOtiXXochXwmw3MU946g,https://api.spotify.com/v1/audio-analysis/4xiOtiXXochXwmw3MU946g,4
5,7GP9nzkpB0NSqCRwhXWx7D,Bas Kar Ji,52,audio_features,False,False,173446,1,6,50iBEPSw6kQ8GQkumXz7XZ,Hesham Abdul Wahab,50iBEPSw6kQ8GQkumXz7XZ,Hesham Abdul Wahab,6nuAnvIVNkw6pwqzuF2GJG,Hridayam (Side B) [Original Motion Picture Soundtrack],2022-01-17,8,album,2022-03-08T10:22:19Z,['mollywood'],['mollywood'],0.574,0.453,4,-8.7,1,0.026,0.713,0.0,0.157,0.552,99.959,spotify:track:7GP9nzkpB0NSqCRwhXWx7D,https://api.spotify.com/v1/tracks/7GP9nzkpB0NSqCRwhXWx7D,https://api.spotify.com/v1/audio-analysis/7GP9nzkpB0NSqCRwhXWx7D,4
6,18XlJEroUwFo0tLZxscgXE,Lost,76,audio_features,False,False,172598,1,2,04gDigrS5kc9YWfZHwBETP,Maroon 5,04gDigrS5kc9YWfZHwBETP,Maroon 5,2dnLi41uRXC7aNqDmcEc0P,JORDI (Deluxe),2021-06-11,14,album,2021-12-02T19:38:29Z,['pop'],['pop'],0.766,0.706,7,-6.553,0,0.16,0.223,0.00028,0.064,0.766,142.989,spotify:track:18XlJEroUwFo0tLZxscgXE,https://api.spotify.com/v1/tracks/18XlJEroUwFo0tLZxscgXE,https://api.spotify.com/v1/audio-analysis/18XlJEroUwFo0tLZxscgXE,4
7,1ilQWV30hUZjBaupGUsaqK,Over And Over Again,66,audio_features,False,False,247107,1,11,2Rf4X6m0oayCJhaJ5K63GQ,Nathan Sykes,2Rf4X6m0oayCJhaJ5K63GQ,Nathan Sykes,4vJKlj9rjpFliOTWgriL2R,Unfinished Business,2016-11-11,12,album,2021-12-02T19:34:09Z,"['post-teen pop', 'uk pop']","['post-teen pop', 'uk pop']",0.61,0.25,8,-9.618,1,0.033,0.952,0.0,0.0876,0.446,129.633,spotify:track:1ilQWV30hUZjBaupGUsaqK,https://api.spotify.com/v1/tracks/1ilQWV30hUZjBaupGUsaqK,https://api.spotify.com/v1/audio-analysis/1ilQWV30hUZjBaupGUsaqK,4
8,2rbDhOo9Fh61Bbu23T2qCk,Always Remember Us This Way,80,audio_features,False,False,210200,1,9,1HY2Jd0NmPuamShAr6KMms,Lady Gaga,1HY2Jd0NmPuamShAr6KMms,Lady Gaga,3edjzMAVB9RYRd4UcZBchx,A Star Is Born Soundtrack (Without Dialogue),2018-10-05,19,album,2021-12-02T10:38:52Z,"['art pop', 'dance pop', 'pop']","['art pop', 'dance pop', 'pop']",0.553,0.502,0,-5.972,1,0.0409,0.299,0.0,0.764,0.296,129.976,spotify:track:2rbDhOo9Fh61Bbu23T2qCk,https://api.spotify.com/v1/tracks/2rbDhOo9Fh61Bbu23T2qCk,https://api.spotify.com/v1/audio-analysis/2rbDhOo9Fh61Bbu23T2qCk,4
9,17zEns9wqJpnbWKVQcqVT7,"Poomuthole - From ""Joseph""",44,audio_features,False,False,290810,1,1,29sPAq2xKxzxPXG6NEEfdV,Niranj Suresh,29sPAq2xKxzxPXG6NEEfdV,Niranj Suresh,0pFWkQCgUQlOrkSz2G1BwA,"Poomuthole (From ""Joseph"")",2018-10-30,1,album,2021-10-13T08:09:06Z,"['malayalam pop', 'mollywood']","['malayalam pop', 'mollywood']",0.637,0.205,5,-12.758,0,0.0343,0.884,0.000341,0.0664,0.641,85.035,spotify:track:17zEns9wqJpnbWKVQcqVT7,https://api.spotify.com/v1/tracks/17zEns9wqJpnbWKVQcqVT7,https://api.spotify.com/v1/audio-analysis/17zEns9wqJpnbWKVQcqVT7,3
10,3VKfWlbGy3v8Q5QBYpyHHO,Thirike - Male Version,26,audio_features,False,False,312253,1,2,2wPsNCwhEGb0KvChZ5DD52,K. J. Yesudas,09Swfzp0iwV8Yxe1Ngzf6v,Bijibal,4JcSVDtZzzzKckHDveecrw,Arabhikatha (Original Motion Picture Soundtrack),2007-07-22,7,album,2021-10-13T08:06:51Z,"['filmi', 'mollywood']","['filmi', 'mollywood']",0.585,0.6,11,-6.82,0,0.155,0.567,0.0,0.219,0.801,152.768,spotify:track:3VKfWlbGy3v8Q5QBYpyHHO,https://api.spotify.com/v1/tracks/3VKfWlbGy3v8Q5QBYpyHHO,https://api.spotify.com/v1/audio-analysis/3VKfWlbGy3v8Q5QBYpyHHO,3
11,5ORrDA0ZvikLoOm2LmUOP4,"Chaanjadi Aadi - From ""Makalkku""",47,audio_features,False,False,298440,1,1,4fPsenZoPwtFRiRBjV6zhb,Gayatri Ashokan,4fPsenZoPwtFRiRBjV6zhb,Gayatri Ashokan,3joPwyYTGolDssVnkwZnb1,Hits of Gayatri Ashokan,2018-09-28,7,album,2021-10-13T07:46:05Z,['mollywood'],['mollywood'],0.628,0.48,4,-9.431,1,0.0449,0.74,0.0,0.153,0.634,82.023,spotify:track:5ORrDA0ZvikLoOm2LmUOP4,https://api.spotify.com/v1/tracks/5ORrDA0ZvikLoOm2LmUOP4,https://api.spotify.com/v1/audio-analysis/5ORrDA0ZvikLoOm2LmUOP4,4
12,3WJEp5CbxachrBTj6BlTD4,Kadalkkaattin,25,audio_features,False,False,309067,1,4,2wPsNCwhEGb0KvChZ5DD52,K. J. Yesudas,3m49WVMU4zCkaVEKb8kFW7,Ilaiyaraaja,7KNaYKUmsGXcJF4T1daTY6,Friends (Original Motion Picture Soundtrack),2003-07-19,8,album,2021-10-13T07:32:36Z,"['filmi', 'mollywood']","['classic kollywood', 'filmi', 'tamil pop']",0.615,0.347,4,-13.127,0,0.0289,0.556,1.16e-05,0.305,0.398,138.031,spotify:track:3WJEp5CbxachrBTj6BlTD4,https://api.spotify.com/v1/tracks/3WJEp5CbxachrBTj6BlTD4,https://api.spotify.com/v1/audio-analysis/3WJEp5CbxachrBTj6BlTD4,3
13,2hfi8KLZ5wvw3veGpVOddl,Neeyam Thanalinu (Duet),44,audio_features,False,False,329100,1,7,0aUQnP4HhUQXcurZl9GJIA,Vijay Yesudas,6NDdkTWxauMlB05GNnnGAS,Rathesh Vegha,6VaoDoZXeFuJu3Y6u578wl,Cocktail (Original Motion Picture Soundtrack),2010-07-01,7,album,2021-10-13T07:28:12Z,"['filmi', 'tamil pop']",[],0.788,0.547,5,-5.867,0,0.0382,0.593,0.00145,0.0932,0.689,100.012,spotify:track:2hfi8KLZ5wvw3veGpVOddl,https://api.spotify.com/v1/tracks/2hfi8KLZ5wvw3veGpVOddl,https://api.spotify.com/v1/audio-analysis/2hfi8KLZ5wvw3veGpVOddl,4
14,5m1gpEMYblFTaH9y2F52cx,Poove Oru Mazhamutham,47,audio_features,False,False,302423,1,2,2Li025DV8PdNxxs9781eOY,Fahad,5wq0asvXF4jyJs8ydPPFzR,Ouseppachan,30ckjh7lCnpK3Bc59BsdPC,Kaiyethum Doorathu (Original Motion Picture Soundrack),2014-05-23,8,album,2021-10-13T07:23:14Z,[],['mollywood'],0.668,0.413,7,-10.314,0,0.0423,0.39,8.79e-06,0.145,0.425,144.963,spotify:track:5m1gpEMYblFTaH9y2F52cx,https://api.spotify.com/v1/tracks/5m1gpEMYblFTaH9y2F52cx,https://api.spotify.com/v1/audio-analysis/5m1gpEMYblFTaH9y2F52cx,4
15,5oPuUgT79wAJMVfsGuow6T,Pai Kurumbiye,37,audio_features,False,False,364133,1,3,4CQ3OkjfQPYVQTM8Ekts7b,Balram,5TB837uKG65w8Jnz5D0bS5,Vidyasagar,2zEMsKK8lHLOnOc6GYSap2,Gramaphone (Original Motion Picture Soundtrack),2002-07-01,6,album,2021-10-13T07:14:04Z,[],"['filmi', 'kollywood', 'tamil pop']",0.484,0.683,0,-8.165,1,0.103,0.663,0.0,0.332,0.59,124.908,spotify:track:5oPuUgT79wAJMVfsGuow6T,https://api.spotify.com/v1/tracks/5oPuUgT79wAJMVfsGuow6T,https://api.spotify.com/v1/audio-analysis/5oPuUgT79wAJMVfsGuow6T,4
16,3VIrHwqCpo34sBosbQR9H7,Thiranurayum,34,audio_features,False,False,284573,1,1,2wPsNCwhEGb0KvChZ5DD52,K. J. Yesudas,5L0RbvV13JHcxpbO7LxVAp,M. G. Radhakrishnan,7bHl1LbIQTKDgSCtwUUeAW,Ananthabhadram (Original Motion Picture Soundtrack),2005-07-20,6,album,2021-10-13T07:05:21Z,"['filmi', 'mollywood']","['filmi', 'mollywood']",0.731,0.757,0,-10.725,1,0.094,0.375,0.000158,0.127,0.582,115.056,spotify:track:3VIrHwqCpo34sBosbQR9H7,https://api.spotify.com/v1/tracks/3VIrHwqCpo34sBosbQR9H7,https://api.spotify.com/v1/audio-analysis/3VIrHwqCpo34sBosbQR9H7,4
17,6FMcXdPM60tk8E8HchCtec,Thinkale Poonthinkale,46,audio_features,False,False,256973,1,2,3wjaprBWmoSJn4KP9tgkxt,M. G. Sreekumar,6my2Xgtzba30XW1KJkJ8MU,Berni Ignesious,00NVZI8eaPt5W9kjJC6sWx,Kalyaana Raman (Original Motion Picture Soundtrack),2002-07-01,7,album,2021-10-13T06:57:23Z,"['filmi', 'mollywood']",[],0.759,0.893,9,-8.109,0,0.112,0.182,0.0,0.0739,0.76,132.007,spotify:track:6FMcXdPM60tk8E8HchCtec,https://api.spotify.com/v1/tracks/6FMcXdPM60tk8E8HchCtec,https://api.spotify.com/v1/audio-analysis/6FMcXdPM60tk8E8HchCtec,4
18,0rCljiBRbyYqNcF9bbrQPC,Pranayasauganthikam,19,audio_features,False,False,211547,1,5,75MoIWlaOyurXIcgiqVhsQ,Santhosh Keshav,5wq0asvXF4jyJs8ydPPFzR,Ouseppachan,4DTxWAHuf5j1aB343RtDSS,Darling Darling (Original Motion Picture Soundtrack),2000-07-19,7,album,2021-10-13T06:53:23Z,[],['mollywood'],0.582,0.435,0,-10.707,1,0.0304,0.305,0.0,0.0956,0.452,114.768,spotify:track:0rCljiBRbyYqNcF9bbrQPC,https://api.spotify.com/v1/tracks/0rCljiBRbyYqNcF9bbrQPC,https://api.spotify.com/v1/audio-analysis/0rCljiBRbyYqNcF9bbrQPC,4
19,7ruoxrYVp7Bxk8zUnYAmXA,Vinnile Ghandarva,35,audio_features,False,False,250853,1,4,1EYD74wB45dOQXt27hh144,Unni Menon,3rGuJQSYUjpHjWVhE1NgdQ,Shyam,6Ia4KRYYGf6S6Kpy76X08g,Raajavinte Makan (Original Motion Picture Soundtrack),2008-07-22,4,album,2021-10-13T06:51:43Z,"['filmi', 'tamil pop']",[],0.691,0.404,2,-9.31,1,0.034,0.622,0.0029,0.165,0.856,145.846,spotify:track:7ruoxrYVp7Bxk8zUnYAmXA,https://api.spotify.com/v1/tracks/7ruoxrYVp7Bxk8zUnYAmXA,https://api.spotify.com/v1/audio-analysis/7ruoxrYVp7Bxk8zUnYAmXA,3
20,0gRNu9dVzi5aC87AI1empZ,Jab Se Tere Naina,64,audio_features,False,False,284573,1,2,554yyXUEFseU1dwvisHTik,Monty Sharma,554yyXUEFseU1dwvisHTik,Monty Sharma,4E6rpd9IcOfe6X8mErzVxf,Saawariya (Original Motion Picture Soundtrack),2007-09-14,11,album,2021-10-13T06:38:45Z,"['desi pop', 'filmi', 'modern bollywood']","['desi pop', 'filmi', 'modern bollywood']",0.599,0.653,0,-7.576,0,0.122,0.362,0.0,0.144,0.678,79.968,spotify:track:0gRNu9dVzi5aC87AI1empZ,https://api.spotify.com/v1/tracks/0gRNu9dVzi5aC87AI1empZ,https://api.spotify.com/v1/audio-analysis/0gRNu9dVzi5aC87AI1empZ,4
21,1Q3oZnMXBy55s8uFJmR1bE,Vennilave vennilave Vinnai,0,audio_features,False,False,351720,1,6,2NoJ7NuNs9nyj8Thoh1kbu,Hariharan,1mYsTxnqsietFxj1OgoGbG,A.R. Rahman,0lu9EJwZFYWUogxPtptP3N,Minsara Kanavu (Orignal Motion Picture Soundtrack),1997-01-01,6,album,2021-10-13T06:37:03Z,"['filmi', 'ghazal', 'tamil pop']","['desi pop', 'filmi', 'modern bollywood']",0.639,0.319,1,-11.631,1,0.032,0.431,1.89e-06,0.154,0.61,91.024,spotify:track:1Q3oZnMXBy55s8uFJmR1bE,https://api.spotify.com/v1/tracks/1Q3oZnMXBy55s8uFJmR1bE,https://api.spotify.com/v1/audio-analysis/1Q3oZnMXBy55s8uFJmR1bE,4
22,6old0mA1IHi5lw2yLv3ri6,Dhimu Dhimu,57,audio_features,False,False,329840,1,7,29aw5YCdIw2FEXYyAJZI8l,Harris Jayaraj,29aw5YCdIw2FEXYyAJZI8l,Harris Jayaraj,4DyPmer9GfEcRosw671Eaq,Engeyum Kadhal (Original Motion Picture Soundtrack),2010-11-11,7,album,2021-10-13T06:27:02Z,"['filmi', 'tamil pop']","['filmi', 'tamil pop']",0.643,0.478,0,-9.376,1,0.0274,0.569,0.000371,0.118,0.317,93.418,spotify:track:6old0mA1IHi5lw2yLv3ri6,https://api.spotify.com/v1/tracks/6old0mA1IHi5lw2yLv3ri6,https://api.spotify.com/v1/audio-analysis/6old0mA1IHi5lw2yLv3ri6,4
23,6Z8oU8xMOie24Cflh2Sw6p,Venmegam,64,audio_features,False,False,274853,1,4,6AiX12wXdXFoGJ2vk8zBjy,Yuvan Shankar Raja,6AiX12wXdXFoGJ2vk8zBjy,Yuvan Shankar Raja,6NiIEKpKQaWY16PwCfbS5V,Yaaradi Nee Mohini (Original Motion Picture Soundtrack),2008-10-17,8,album,2021-10-13T06:21:47Z,"['filmi', 'kollywood', 'tamil pop']","['filmi', 'kollywood', 'tamil pop']",0.803,0.426,3,-11.54,1,0.0742,0.418,2.23e-05,0.11,0.556,114.945,spotify:track:6Z8oU8xMOie24Cflh2Sw6p,https://api.spotify.com/v1/tracks/6Z8oU8xMOie24Cflh2Sw6p,https://api.spotify.com/v1/audio-analysis/6Z8oU8xMOie24Cflh2Sw6p,4
24,3kjpq6QXeJTgPbC1ed8wql,Enna Solla Pogirai,47,audio_features,False,False,360880,1,5,1SJOL9HJ08YOn92lFcYf8a,Shankar Mahadevan,1mYsTxnqsietFxj1OgoGbG,A.R. Rahman,6rSGzYWf2VfP78UdHFCXUI,Kandukondain Kandukondain (Original Motion Picture Soundtrack),1960-04-08,7,album,2021-10-13T06:16:59Z,"['desi pop', 'filmi', 'modern bollywood']","['desi pop', 'filmi', 'modern bollywood']",0.766,0.438,4,-13.101,0,0.164,0.0303,9.79e-06,0.0862,0.331,82.012,spotify:track:3kjpq6QXeJTgPbC1ed8wql,https://api.spotify.com/v1/tracks/3kjpq6QXeJTgPbC1ed8wql,https://api.spotify.com/v1/audio-analysis/3kjpq6QXeJTgPbC1ed8wql,4
25,3jtKSUiVDowKNBqVQbWaig,Iktara,52,audio_features,False,False,253773,1,4,7HCqGPJcQTyGJ2yqntbuyr,Amit Trivedi,0L5GV6LN8SWWUWIdBbTLTZ,Shankar-Ehsaan-Loy,1fzE65RP7Gyhi8hdOv8eRQ,Wake Up Sid (Original Motion Picture Soundtrack),2009-08-21,6,album,2021-10-13T06:13:17Z,"['desi pop', 'filmi', 'modern bollywood']","['desi pop', 'filmi', 'modern bollywood']",0.616,0.525,7,-7.065,1,0.0258,0.401,0.000484,0.309,0.427,79.976,spotify:track:3jtKSUiVDowKNBqVQbWaig,https://api.spotify.com/v1/tracks/3jtKSUiVDowKNBqVQbWaig,https://api.spotify.com/v1/audio-analysis/3jtKSUiVDowKNBqVQbWaig,4
26,1O5mTSQa0sCce9ghhDqIZl,Jashn-E-Bahaaraa,70,audio_features,False,False,315173,1,2,1mYsTxnqsietFxj1OgoGbG,A.R. Rahman,1mYsTxnqsietFxj1OgoGbG,A.R. Rahman,60Omt7taTKwehAq1gETKCW,Jodhaa Akbar (Original Motion Picture Soundtrack),2007-12-31,7,album,2021-10-13T06:10:31Z,"['desi pop', 'filmi', 'modern bollywood']","['desi pop', 'filmi', 'modern bollywood']",0.7,0.343,2,-10.474,1,0.0308,0.767,0.0,0.0789,0.488,137.864,spotify:track:1O5mTSQa0sCce9ghhDqIZl,https://api.spotify.com/v1/tracks/1O5mTSQa0sCce9ghhDqIZl,https://api.spotify.com/v1/audio-analysis/1O5mTSQa0sCce9ghhDqIZl,4
27,0HEMY6YuPzCOprfkEluKDa,Katte Nee,42,audio_features,False,False,212507,1,1,2IUtwMti1OiT3lkW6RubgH,K. S. Chithra,5L0RbvV13JHcxpbO7LxVAp,M. G. Radhakrishnan,5z8mPh9dXdGdGrwsJcQltp,Kaattu Vannu Vilichappol (Original Motion Picture Soundtrack),2001-07-01,2,album,2021-08-31T14:12:23Z,['filmi'],"['filmi', 'mollywood']",0.648,0.558,2,-9.117,1,0.0382,0.461,0.0033,0.211,0.691,170.104,spotify:track:0HEMY6YuPzCOprfkEluKDa,https://api.spotify.com/v1/tracks/0HEMY6YuPzCOprfkEluKDa,https://api.spotify.com/v1/audio-analysis/0HEMY6YuPzCOprfkEluKDa,4
28,0nW6UocwJTfquQsfzysX69,Thaarum Thalirum,0,audio_features,False,False,285545,1,2,2wPsNCwhEGb0KvChZ5DD52,K. J. Yesudas,5wq0asvXF4jyJs8ydPPFzR,Ouseppachan,656LCDwmyoiBbWn548ujML,Chilambu (Original Motion Picture Soundtrack),1986-05-09,2,album,2021-08-20T12:43:16Z,"['filmi', 'mollywood']",['mollywood'],0.619,0.425,4,-8.509,0,0.0343,0.659,0.0,0.12,0.557,76.883,spotify:track:0nW6UocwJTfquQsfzysX69,https://api.spotify.com/v1/tracks/0nW6UocwJTfquQsfzysX69,https://api.spotify.com/v1/audio-analysis/0nW6UocwJTfquQsfzysX69,3
29,6eJH7n6tP36bWGWEAlgFWR,Onnamkili Ponnankili,43,audio_features,False,False,254873,1,1,3wjaprBWmoSJn4KP9tgkxt,M. G. Sreekumar,0LyfQWJT6nXafLPZqxe9Of,Various Artists,336aGEzd8oh6NeItzgtXgQ,Kilichundan Mambazham,2012-12-13,5,album,2021-08-20T12:39:13Z,"['filmi', 'mollywood']",[],0.741,0.812,2,-7.073,1,0.0383,0.232,2.46e-06,0.184,0.78,136.478,spotify:track:6eJH7n6tP36bWGWEAlgFWR,https://api.spotify.com/v1/tracks/6eJH7n6tP36bWGWEAlgFWR,https://api.spotify.com/v1/audio-analysis/6eJH7n6tP36bWGWEAlgFWR,3
30,5FRFGl9pT2D163dZMNagPN,Padam Vanamali,33,audio_features,False,False,321388,1,2,3wjaprBWmoSJn4KP9tgkxt,M. G. Sreekumar,3bsXF6ry8hOM2s1YyruPOb,Deepan Chaterjee,3lFI1ZN3uZq4BvbEyN7sTO,Kakkakuyil (Original Motion Picture Soundrack),2014-05-23,9,album,2021-08-20T12:32:42Z,"['filmi', 'mollywood']",[],0.734,0.525,0,-11.88,1,0.064,0.289,2.58e-05,0.474,0.721,141.954,spotify:track:5FRFGl9pT2D163dZMNagPN,https://api.spotify.com/v1/tracks/5FRFGl9pT2D163dZMNagPN,https://api.spotify.com/v1/audio-analysis/5FRFGl9pT2D163dZMNagPN,4
31,2yHfdwbHx5CVf1A4LvK3ki,Aangopangam,22,audio_features,False,False,278000,1,1,5L0RbvV13JHcxpbO7LxVAp,M. G. Radhakrishnan,5L0RbvV13JHcxpbO7LxVAp,M. G. Radhakrishnan,34eMgatPXlEDenuun2upwt,Devaasuram (Original Motion Picture Soundtrack),1993-03-12,10,album,2021-08-20T12:29:03Z,"['filmi', 'mollywood']","['filmi', 'mollywood']",0.657,0.561,4,-12.05,0,0.0981,0.749,2.57e-05,0.28,0.598,95.07,spotify:track:2yHfdwbHx5CVf1A4LvK3ki,https://api.spotify.com/v1/tracks/2yHfdwbHx5CVf1A4LvK3ki,https://api.spotify.com/v1/audio-analysis/2yHfdwbHx5CVf1A4LvK3ki,4
32,6ZTnLzbXNlgldTavqmvZbU,Sivadam Siva Naadam (Duet),19,audio_features,False,False,365953,1,5,3wjaprBWmoSJn4KP9tgkxt,M. G. Sreekumar,0LyfQWJT6nXafLPZqxe9Of,Various Artists,2RVFAAF85xCWFdWW7Kaxl5,Mazhavillu,2012-12-13,9,album,2021-08-20T12:23:09Z,"['filmi', 'mollywood']",[],0.559,0.696,0,-10.06,0,0.118,0.746,0.000236,0.328,0.429,172.041,spotify:track:6ZTnLzbXNlgldTavqmvZbU,https://api.spotify.com/v1/tracks/6ZTnLzbXNlgldTavqmvZbU,https://api.spotify.com/v1/audio-analysis/6ZTnLzbXNlgldTavqmvZbU,4
33,3XMYdcclpeP0LBmVLr6L8p,"Theerame - From ""Malik""",57,audio_features,False,False,263082,1,1,1qFp8zDvsXyCsC5dqz8X4S,Sushin Shyam,1qFp8zDvsXyCsC5dqz8X4S,Sushin Shyam,789iCALhEJFyPpWMOlLA0E,"Theerame (From ""Malik"")",2021-07-12,1,album,2021-08-20T08:42:54Z,['mollywood'],['mollywood'],0.66,0.194,4,-12.827,0,0.032,0.877,2.91e-05,0.125,0.285,119.929,spotify:track:3XMYdcclpeP0LBmVLr6L8p,https://api.spotify.com/v1/tracks/3XMYdcclpeP0LBmVLr6L8p,https://api.spotify.com/v1/audio-analysis/3XMYdcclpeP0LBmVLr6L8p,1
34,7fyiYhn7STpHvT5g0lbncC,Ik Vaari Aa,63,audio_features,False,False,274687,1,1,1wRPtKGflJrBx9BmLsSwlU,Pritam,0LyfQWJT6nXafLPZqxe9Of,Various Artists,05U9YwErzcnF0PmyPalDo5,Raabta,2017-06-03,7,album,2021-08-11T07:29:18Z,"['desi pop', 'filmi', 'indian instrumental', 'modern bollywood']",[],0.512,0.752,4,-4.857,0,0.0534,0.305,0.0,0.708,0.428,127.965,spotify:track:7fyiYhn7STpHvT5g0lbncC,https://api.spotify.com/v1/tracks/7fyiYhn7STpHvT5g0lbncC,https://api.spotify.com/v1/audio-analysis/7fyiYhn7STpHvT5g0lbncC,4
35,1XFZMenJ30FfGOsj8X5sqf,Khulke Jeene Ka,57,audio_features,False,False,246742,1,3,1mYsTxnqsietFxj1OgoGbG,A.R. Rahman,1mYsTxnqsietFxj1OgoGbG,A.R. Rahman,5zrZPXoYsu772sB3CwVuxr,Dil Bechara (Original Motion Picture Soundtrack),2020-07-10,9,album,2021-08-11T07:25:48Z,"['desi pop', 'filmi', 'modern bollywood']","['desi pop', 'filmi', 'modern bollywood']",0.676,0.544,7,-10.893,1,0.0568,0.566,0.0,0.341,0.533,88.969,spotify:track:1XFZMenJ30FfGOsj8X5sqf,https://api.spotify.com/v1/tracks/1XFZMenJ30FfGOsj8X5sqf,https://api.spotify.com/v1/audio-analysis/1XFZMenJ30FfGOsj8X5sqf,4
36,0FlkdZaWxI69SP0p8hM7ah,Thamarappovil,32,audio_features,False,False,295268,1,5,3wjaprBWmoSJn4KP9tgkxt,M. G. Sreekumar,0LyfQWJT6nXafLPZqxe9Of,Various Artists,54OSgpPeLRB1hIKCeqMZTM,Chandralekha,2012-12-13,7,album,2021-07-01T09:26:55Z,"['filmi', 'mollywood']",[],0.705,0.701,5,-7.3,0,0.0301,0.487,0.0,0.219,0.662,129.886,spotify:track:0FlkdZaWxI69SP0p8hM7ah,https://api.spotify.com/v1/tracks/0FlkdZaWxI69SP0p8hM7ah,https://api.spotify.com/v1/audio-analysis/0FlkdZaWxI69SP0p8hM7ah,1
37,2n28FY3i7ftKP9L70jhqFH,Poojabimbam,26,audio_features,False,False,366875,1,6,2wPsNCwhEGb0KvChZ5DD52,K. J. Yesudas,0LyfQWJT6nXafLPZqxe9Of,Various Artists,22CH1q4NS7hNi25hAZpNcf,Harikrishnans,2012-12-13,7,album,2021-07-01T09:19:58Z,"['filmi', 'mollywood']",[],0.385,0.423,9,-9.175,1,0.0378,0.716,1.01e-05,0.241,0.275,173.784,spotify:track:2n28FY3i7ftKP9L70jhqFH,https://api.spotify.com/v1/tracks/2n28FY3i7ftKP9L70jhqFH,https://api.spotify.com/v1/audio-analysis/2n28FY3i7ftKP9L70jhqFH,4
38,4X54tVzCd1BQkcMBNY4xOd,Mele Vellithinkal,31,audio_features,False,False,278760,1,3,0LSPREIgGMZXCuKVel7LVD,Karthik,5rjfY6hKjlZRId1W3Hatab,Mohan Sithara,5gw4sWxuMNhNPWNkH9cwgq,Thanmathra (Original Motion Picture Soundtrack),2005,6,album,2021-07-01T08:54:53Z,"['filmi', 'tamil pop']",['mollywood'],0.714,0.495,2,-11.583,1,0.0291,0.208,0.0136,0.16,0.497,110.004,spotify:track:4X54tVzCd1BQkcMBNY4xOd,https://api.spotify.com/v1/tracks/4X54tVzCd1BQkcMBNY4xOd,https://api.spotify.com/v1/audio-analysis/4X54tVzCd1BQkcMBNY4xOd,1
39,1NXtpOBL97TiTZud6XYUmX,Karale Nin,41,audio_features,False,False,369347,1,1,2wPsNCwhEGb0KvChZ5DD52,K. J. Yesudas,5TB837uKG65w8Jnz5D0bS5,Vidyasagar,4pORaCyVF6URtKRvoJk7EA,Devadoothan (Original Motion Picture Soundtrack),2001-07-19,7,album,2021-07-01T08:40:03Z,"['filmi', 'mollywood']","['filmi', 'kollywood', 'tamil pop']",0.662,0.458,0,-7.804,1,0.0261,0.188,2.42e-05,0.0786,0.574,117.977,spotify:track:1NXtpOBL97TiTZud6XYUmX,https://api.spotify.com/v1/tracks/1NXtpOBL97TiTZud6XYUmX,https://api.spotify.com/v1/audio-analysis/1NXtpOBL97TiTZud6XYUmX,4
40,21lxENBp1TxP0TZJgOxWV1,Oru Rathri Koodi,48,audio_features,False,False,321613,1,1,2wPsNCwhEGb0KvChZ5DD52,K. J. Yesudas,5TB837uKG65w8Jnz5D0bS5,Vidyasagar,6YIlDGyziBUkEM28Mcbpcp,Summer in Bathlehem (Original Motion Picture Soundtrack),2003-07-19,8,album,2021-07-01T08:26:17Z,"['filmi', 'mollywood']","['filmi', 'kollywood', 'tamil pop']",0.618,0.42,2,-10.702,0,0.0295,0.74,5.79e-06,0.118,0.285,95.029,spotify:track:21lxENBp1TxP0TZJgOxWV1,https://api.spotify.com/v1/tracks/21lxENBp1TxP0TZJgOxWV1,https://api.spotify.com/v1/audio-analysis/21lxENBp1TxP0TZJgOxWV1,4
41,5LND6uMgE2QUse43kHdMPn,"Snehidhane, Pt. 1",43,audio_features,False,False,365924,1,2,1HGMG8RHvcu1mfdM9MeTek,Sadhana Sargam,1mYsTxnqsietFxj1OgoGbG,A.R. Rahman,3no67gL83nX0P3Uzcojd67,Alaipayuthey (Original Motion Picture Soundtrack),2000-12-31,24,album,2021-04-02T11:31:24Z,"['classic bollywood', 'filmi', 'hare krishna', 'modern bollywood', 'tamil pop']","['desi pop', 'filmi', 'modern bollywood']",0.545,0.343,5,-13.671,0,0.0438,0.207,0.0,0.124,0.416,103.961,spotify:track:5LND6uMgE2QUse43kHdMPn,https://api.spotify.com/v1/tracks/5LND6uMgE2QUse43kHdMPn,https://api.spotify.com/v1/audio-analysis/5LND6uMgE2QUse43kHdMPn,4
42,5jOi67yXzjpMdl6KFNWSIe,Usure Pogudhey,61,audio_features,False,False,366507,1,2,1mYsTxnqsietFxj1OgoGbG,A.R. Rahman,1mYsTxnqsietFxj1OgoGbG,A.R. Rahman,7ywJmodDrksHrxbnqHSDuT,Raavanan (Original Motion Picture Soundtrack),2010-10-14,11,album,2021-04-02T11:25:50Z,"['desi pop', 'filmi', 'modern bollywood']","['desi pop', 'filmi', 'modern bollywood']",0.674,0.663,5,-8.886,1,0.0619,0.3,2.96e-06,0.101,0.287,92.997,spotify:track:5jOi67yXzjpMdl6KFNWSIe,https://api.spotify.com/v1/tracks/5jOi67yXzjpMdl6KFNWSIe,https://api.spotify.com/v1/audio-analysis/5jOi67yXzjpMdl6KFNWSIe,4
43,7F81FsjjLnWrT2Rp7eYb03,Naane Varugiraen,52,audio_features,False,False,365451,1,5,1mYsTxnqsietFxj1OgoGbG,A.R. Rahman,1mYsTxnqsietFxj1OgoGbG,A.R. Rahman,6XBC9UsX48MzHICIr9m0hj,O Kadhal Kanmani (Original Motion Picture Soundtrack),2015-04-07,9,album,2021-04-02T11:23:15Z,"['desi pop', 'filmi', 'modern bollywood']","['desi pop', 'filmi', 'modern bollywood']",0.474,0.537,6,-12.006,0,0.0337,0.901,0.196,0.112,0.236,149.951,spotify:track:7F81FsjjLnWrT2Rp7eYb03,https://api.spotify.com/v1/tracks/7F81FsjjLnWrT2Rp7eYb03,https://api.spotify.com/v1/audio-analysis/7F81FsjjLnWrT2Rp7eYb03,1
44,7yEuRloGyxyu1KaWBTPP1Z,"Slow Motion (From ""Bharat"")",55,audio_features,False,False,247248,1,1,0oOet2f43PA68X5RxKobEy,Shreya Ghoshal,0oOet2f43PA68X5RxKobEy,Shreya Ghoshal,4diGvPbCRRQDh3VQMY88Iz,"Slow Motion (From ""Bharat"")",2019-04-25,1,album,2021-04-02T11:18:19Z,"['desi pop', 'filmi', 'modern bollywood']","['desi pop', 'filmi', 'modern bollywood']",0.574,0.738,10,-5.526,1,0.0958,0.0235,2.03e-06,0.0959,0.307,109.996,spotify:track:7yEuRloGyxyu1KaWBTPP1Z,https://api.spotify.com/v1/tracks/7yEuRloGyxyu1KaWBTPP1Z,https://api.spotify.com/v1/audio-analysis/7yEuRloGyxyu1KaWBTPP1Z,4
45,7yn0E97MoGLBaW8mqIwqNr,Ud-daa Punjab,56,audio_features,False,False,274701,1,4,6CXEwIaXYfVJ84biCxqc9k,Vishal Dadlani,7HCqGPJcQTyGJ2yqntbuyr,Amit Trivedi,6FfNmnl6x2AURdIRKJj925,Udta Punjab,2016-05-18,8,album,2021-04-02T11:15:57Z,"['desi hip hop', 'desi pop', 'filmi', 'modern bollywood']","['desi pop', 'filmi', 'modern bollywood']",0.909,0.906,1,-3.701,1,0.206,0.09,1.25e-05,0.287,0.625,121.996,spotify:track:7yn0E97MoGLBaW8mqIwqNr,https://api.spotify.com/v1/tracks/7yn0E97MoGLBaW8mqIwqNr,https://api.spotify.com/v1/audio-analysis/7yn0E97MoGLBaW8mqIwqNr,4
46,23Dpwemmuf6nYSzR9sUJ9M,Tooh,46,audio_features,False,False,260693,1,1,6Mv8GjQa7LKUGCAqa9qqdb,Vishal-Shekhar,6Mv8GjQa7LKUGCAqa9qqdb,Vishal-Shekhar,7ivSWCu9WuArhLWHOUDLbQ,Tooh,2013-11-01,1,album,2021-04-02T11:15:15Z,"['desi pop', 'filmi', 'modern bollywood']","['desi pop', 'filmi', 'modern bollywood']",0.747,0.88,5,-5.881,0,0.0804,0.0373,0.0163,0.0598,0.878,145.974,spotify:track:23Dpwemmuf6nYSzR9sUJ9M,https://api.spotify.com/v1/tracks/23Dpwemmuf6nYSzR9sUJ9M,https://api.spotify.com/v1/audio-analysis/23Dpwemmuf6nYSzR9sUJ9M,4
47,6lfSsCL894Qw15xbt7cSUy,"Jai Jai Shivshankar (From ""War"")",58,audio_features,False,False,230558,1,1,6CXEwIaXYfVJ84biCxqc9k,Vishal Dadlani,6CXEwIaXYfVJ84biCxqc9k,Vishal Dadlani,5GvIKf7yN7gjZfYohbvHmj,"Jai Jai Shivshankar (From ""War"")",2019-09-21,1,album,2021-04-02T11:13:04Z,"['desi hip hop', 'desi pop', 'filmi', 'modern bollywood']","['desi hip hop', 'desi pop', 'filmi', 'modern bollywood']",0.825,0.904,5,-5.414,0,0.0787,0.257,1.21e-05,0.0715,0.528,129.036,spotify:track:6lfSsCL894Qw15xbt7cSUy,https://api.spotify.com/v1/tracks/6lfSsCL894Qw15xbt7cSUy,https://api.spotify.com/v1/audio-analysis/6lfSsCL894Qw15xbt7cSUy,4
48,4ymPEyiXabTe1NO8q8EFxG,"Chogada (From ""Loveyatri"")",63,audio_features,False,False,249742,1,1,2GoeZ0qOTt6kjsWW4eA6LS,Darshan Raval,2GoeZ0qOTt6kjsWW4eA6LS,Darshan Raval,7hGQiJXERTnhQbW5cyo2bA,"Chogada (From ""Loveyatri"")",2018-08-14,1,album,2021-04-02T11:12:32Z,"['desi pop', 'gujarati pop', 'modern bollywood']","['desi pop', 'gujarati pop', 'modern bollywood']",0.359,0.972,7,-3.452,1,0.109,0.136,2.52e-06,0.14,0.595,62.914,spotify:track:4ymPEyiXabTe1NO8q8EFxG,https://api.spotify.com/v1/tracks/4ymPEyiXabTe1NO8q8EFxG,https://api.spotify.com/v1/audio-analysis/4ymPEyiXabTe1NO8q8EFxG,4
49,6vo7Y1iWyZvpjvFbf6BiZ5,Kalank (Title Track),71,audio_features,False,False,311186,1,3,1wRPtKGflJrBx9BmLsSwlU,Pritam,1wRPtKGflJrBx9BmLsSwlU,Pritam,63jrLuBlHcMN7MUbjbJ4LI,Kalank (Original Motion Picture Soundtrack),2019-04-14,10,album,2021-03-15T18:09:56Z,"['desi pop', 'filmi', 'indian instrumental', 'modern bollywood']","['desi pop', 'filmi', 'indian instrumental', 'modern bollywood']",0.57,0.55,10,-8.343,1,0.035,0.524,3.73e-05,0.0921,0.435,117.999,spotify:track:6vo7Y1iWyZvpjvFbf6BiZ5,https://api.spotify.com/v1/tracks/6vo7Y1iWyZvpjvFbf6BiZ5,https://api.spotify.com/v1/audio-analysis/6vo7Y1iWyZvpjvFbf6BiZ5,4
50,0w9LJae3sVlZlH2CnxTInF,God Gave Me You,63,audio_features,False,False,229533,1,3,1UTPBmNbXNTittyMJrNkvw,Blake Shelton,1UTPBmNbXNTittyMJrNkvw,Blake Shelton,1WXCjIDp84rJN6Sa1Um9kJ,Red River Blue (Deluxe Edition),2011-07-11,13,album,2021-02-23T18:18:02Z,"['contemporary country', 'country', 'country road', 'oklahoma country']","['contemporary country', 'country', 'country road', 'oklahoma country']",0.483,0.844,2,-5.043,1,0.0314,0.00481,7.29e-05,0.405,0.543,151.977,spotify:track:0w9LJae3sVlZlH2CnxTInF,https://api.spotify.com/v1/tracks/0w9LJae3sVlZlH2CnxTInF,https://api.spotify.com/v1/audio-analysis/0w9LJae3sVlZlH2CnxTInF,4
51,1dgWTMoHwTUnQhOQ8SR5fV,American Kids,73,audio_features,False,False,182960,1,4,3grHWM9bx2E9vwJCdlRv9O,Kenny Chesney,3grHWM9bx2E9vwJCdlRv9O,Kenny Chesney,2R5PAxygJ4YeRuSwoalKam,The Big Revival,2014-09-22,11,album,2021-02-23T18:14:37Z,"['contemporary country', 'country', 'country road']","['contemporary country', 'country', 'country road']",0.782,0.589,0,-7.37,1,0.0803,0.0476,5.84e-06,0.0366,0.849,85.022,spotify:track:1dgWTMoHwTUnQhOQ8SR5fV,https://api.spotify.com/v1/tracks/1dgWTMoHwTUnQhOQ8SR5fV,https://api.spotify.com/v1/audio-analysis/1dgWTMoHwTUnQhOQ8SR5fV,4
52,3kswR4VNp2z8f8VXUHfTSD,Say Something,16,audio_features,False,False,233999,1,4,4BxCuXFJrSWGi1KHcVqaU4,Kodaline,4BxCuXFJrSWGi1KHcVqaU4,Kodaline,18558bqLAhDW0UBIQxk0tQ,One Day at a Time,2020-06-12,10,album,2021-02-23T17:46:36Z,"['irish pop', 'pop', 'pop rock', 'shiver pop', 'uk pop']","['irish pop', 'pop', 'pop rock', 'shiver pop', 'uk pop']",0.34,0.354,4,-9.079,1,0.0306,0.0454,0.0,0.167,0.216,103.838,spotify:track:3kswR4VNp2z8f8VXUHfTSD,https://api.spotify.com/v1/tracks/3kswR4VNp2z8f8VXUHfTSD,https://api.spotify.com/v1/audio-analysis/3kswR4VNp2z8f8VXUHfTSD,4
